id,name,code,nomenclature,level,version,tunit_code,tunit_name,processes,sources,y_2000,y_2001,y_2002,y_2003,y_2004,y_2005,y_2006,y_2007,y_2008,y_2009,y_2010,y_2011,y_2012,y_2013,y_2014,y_2015,y_2016,y_2017,y_2018,y_2019,y_2020
297,Population - age group 25-64 - with educational attainment level 0-2 (%),25-64_T_0-2,NUTS,2,2016,AT11,Burgenland,,1-ESPON Database (Database Portal 2020) : https://database.espon.eu | 2-Database Eurostat : https://ec.europa.eu/eurostat,31.4,29.7,27.6,27,24.1,23.5,22.8,22.6,21.1,19.6,19.7,19.7,18.8,18.5,16.8,15.3,16.5,14.8,15.1,15.1,13.2
297,Population - age group 25-64 - with educational attainment level 0-2 (%),25-64_T_0-2,NUTS,2,2016,AT12,Niederosterreich,,1-ESPON Database (Database Portal 2020) : https://database.espon.eu | 2-Database Eurostat : https://ec.europa.eu/eurostat,23.8,21.6,20.1,18.9,19.3,18.6,18.6,18.9,17.1,16.2,15.6,16.7,16.7,16,15.5,13.9,14.7,14.2,13.5,13.1,12.9
297,Population - age group 25-64 - with educational attainment level 0-2 (%),25-64_T_0-2,NUTS,2,2016,AT13,Wien,,1-ESPON Database (Database Portal 2020) : https://database.espon.eu | 2-Database Eurostat : https://ec.europa.eu/eurostat,19.8,20.7,20.7,21,18.9,19.2,19.1,20.2,19.5,19.4,17.9,18.3,17.9,17.8,17.2,17.1,16.9,16.2,16.6,16.9,16.7
297,Population - age group 25-64 - with educational attainment level 0-2 (%),25-64_T_0-2,NUTS,2,2016,AT21,Karnten,,1-ESPON Database (Database Portal 2020) : https://database.espon.eu | 2-Database Eurostat : https://ec.europa.eu/eurostat,19.8,16.7,14.3,14.6,16.2,15.1,15.3,14.7,13.7,12.8,12.9,12.2,12,13.2,11.6,11.7,10.6,11.6,11.1,11.1,10
297,Population - age group 25-64 - with educational attainment level 0-2 (%),25-64_T_0-2,NUTS,2,2016,AT22,Steiermark,,1-ESPON Database (Database Portal 2020) : https://database.espon.eu | 2-Database Eurostat : https://ec.europa.eu/eurostat,23.9,21.7,22.1,20.3,19,18.2,17.8,18.5,17.9,16.7,16.4,15,14.7,15.9,14.6,13.1,14,14.3,13.3,12.6,14.1
297,Population - age group 25-64 - with educational attainment level 0-2 (%),25-64_T_0-2,NUTS,2,2016,AT31,Oberosterreich,,1-ESPON Database (Database Portal 2020) : https://database.espon.eu | 2-Database Eurostat : https://ec.europa.eu/eurostat,27.6,26,25,23.9,23.2,22.5,23.4,22.9,22,21.6,20.1,20.1,19,18.4,17.3,16.5,15.7,15.7,15.5,13.6,14.1
297,Population - age group 25-64 - with educational attainment level 0-2 (%),25-64_T_0-2,NUTS,2,2016,AT32,Salzburg,,1-ESPON Database (Database Portal 2020) : https://database.espon.eu | 2-Database Eurostat : https://ec.europa.eu/eurostat,22,20.8,19.7,20,19.5,18.3,18.1,17.9,16.4,15,14.9,14.2,14.4,14.9,14.6,13.6,13.8,13.7,12.4,13.3,12
297,Population - age group 25-64 - with educational attainment level 0-2 (%),25-64_T_0-2,NUTS,2,2016,AT33,Tirol,,1-ESPON Database (Database Portal 2020) : https://database.espon.eu | 2-Database Eurostat : https://ec.europa.eu/eurostat,24.8,24,21.7,21.4,20.5,19.8,22.3,22.6,22.2,21.3,21,20.9,19.6,18.8,17.7,17.6,17.9,15.7,15.3,16.2,15.8
297,Population - age group 25-64 - with educational attainment level 0-2 (%),25-64_T_0-2,NUTS,2,2016,AT34,Vorarlberg,,1-ESPON Database (Database Portal 2020) : https://database.espon.eu | 2-Database Eurostat : https://ec.europa.eu/eurostat,29.2,27.9,28.5,28.4,25.5,25.1,25.3,23.5,24,22.6,23,22.7,20.7,20,19.9,19.7,19.6,18.4,18.6,19.2,17.8
297,Population - age group 25-64 - with educational attainment level 0-2 (%),25-64_T_0-2,NUTS,2,2016,BG31,Severozapaden,,1-ESPON Database (Database Portal 2020) : https://database.espon.eu | 2-Database Eurostat : https://ec.europa.eu/eurostat,30.807292,27.489583,26.92083,27.3,27,25.6,21.8,19.8,19.6,19.3,18.5,19,18.5,17,18.8,18.6,19.6,20.1,19.1,20.6,20.6
297,Population - age group 25-64 - with educational attainment level 0-2 (%),25-64_T_0-2,NUTS,2,2016,BG32,Severen tsentralen,,1-ESPON Database (Database Portal 2020) : https://database.espon.eu | 2-Database Eurostat : https://ec.europa.eu/eurostat,37.013889,33.027778,32.34444,32.8,30.8,30,27.9,24.7,24.8,25,25.3,24,22.1,21.7,22.8,20.9,20.4,21.1,19.4,16.4,16.5
297,Population - age group 25-64 - with educational attainment level 0-2 (%),25-64_T_0-2,NUTS,2,2016,BG33,Severoiztochen,,1-ESPON Database (Database Portal 2020) : https://database.espon.eu | 2-Database Eurostat : https://ec.europa.eu/eurostat,37.013889,33.027778,32.34444,32.8,33.1,32.5,30.4,29.6,28.5,28.2,27,25.7,25.5,23.7,24.4,22.2,22.2,22.6,23.5,24,21.7
297,Population - age group 25-64 - with educational attainment level 0-2 (%),25-64_T_0-2,NUTS,2,2016,BG34,Yugoiztochen,,1-ESPON Database (Database Portal 2020) : https://database.espon.eu | 2-Database Eurostat : https://ec.europa.eu/eurostat,36.111111,32.222222,31.55556,32,32.2,31.1,28.8,28.6,29.2,27.9,26.3,25.1,23.8,23.2,23.9,23.7,22.4,20.8,22.2,23.2,21.8
297,Population - age group 25-64 - with educational attainment level 0-2 (%),25-64_T_0-2,NUTS,2,2016,BG41,Yugozapaden,,1-ESPON Database (Database Portal 2020) : https://database.espon.eu | 2-Database Eurostat : https://ec.europa.eu/eurostat,20.9,18.9,18,18.1,17.5,16.6,14,12.6,12.2,12.2,10.5,9.4,8.7,8.6,9.3,9.1,8.9,8.1,8,8.2,7.5
297,Population - age group 25-64 - with educational attainment level 0-2 (%),25-64_T_0-2,NUTS,2,2016,BG42,Yuzhen tsentralen,,1-ESPON Database (Database Portal 2020) : https://database.espon.eu | 2-Database Eurostat : https://ec.europa.eu/eurostat,41.640625,37.15625,36.3875,36.9,36.6,36.5,31.8,28.1,28.3,27.7,26.5,26,24.9,23.5,23.9,23.3,22.4,21,22.2,22.3,22.7
297,Population - age group 25-64 - with educational attainment level 0-2 (%),25-64_T_0-2,NUTS,2,2016,DE11,Stuttgart,,1-ESPON Database (Database Portal 2020) : https://database.espon.eu | 2-Database Eurostat : https://ec.europa.eu/eurostat,22.6,22.4,21,19.5,19.6,20,20.1,18.6,16.4,16.4,15.4,14.9,14.5,14.2,14,13.8,14.5,13.9,13.8,14.3,15.3
297,Population - age group 25-64 - with educational attainment level 0-2 (%),25-64_T_0-2,NUTS,2,2016,DE12,Karlsruhe,,1-ESPON Database (Database Portal 2020) : https://database.espon.eu | 2-Database Eurostat : https://ec.europa.eu/eurostat,21.8,19.8,19.3,18.5,18.9,18,17.8,16.9,15.3,15.7,15.4,14.7,15.3,15.1,14.3,14.6,14.6,15.1,14.4,13.7,14.9
297,Population - age group 25-64 - with educational attainment level 0-2 (%),25-64_T_0-2,NUTS,2,2016,DE13,Freiburg,,1-ESPON Database (Database Portal 2020) : https://database.espon.eu | 2-Database Eurostat : https://ec.europa.eu/eurostat,23.4,23,20.2,20.4,19.2,18.7,18.4,16.8,15.3,14.8,15.2,15.1,14.3,14.2,14.1,14.2,13.6,14.4,14.2,14.5,14.2
297,Population - age group 25-64 - with educational attainment level 0-2 (%),25-64_T_0-2,NUTS,2,2016,DE14,Tubingen,,1-ESPON Database (Database Portal 2020) : https://database.espon.eu | 2-Database Eurostat : https://ec.europa.eu/eurostat,22.8,21.3,22.1,20.1,19.1,19.4,18.7,17.1,16.2,15.4,14.2,13.3,13.6,12.9,12.9,13.2,13,13,13.6,13.7,16
297,Population - age group 25-64 - with educational attainment level 0-2 (%),25-64_T_0-2,NUTS,2,2016,DE21,Oberbayern,,1-ESPON Database (Database Portal 2020) : https://database.espon.eu | 2-Database Eurostat : https://ec.europa.eu/eurostat,19.2,19,17.2,16.5,14.6,15.8,16.1,13.2,12,11.7,11,10.3,10.4,10.1,9.6,9.4,9.9,9.4,9.7,10,10.5
297,Population - age group 25-64 - with educational attainment level 0-2 (%),25-64_T_0-2,NUTS,2,2016,DE22,Niederbayern,,1-ESPON Database (Database Portal 2020) : https://database.espon.eu | 2-Database Eurostat : https://ec.europa.eu/eurostat,24.8,22.2,20.4,19.5,18.8,18.6,18.7,17.2,16,16,14.5,13.8,13.6,13,12.3,12,11.8,11.4,11.1,11.4,12.1
297,Population - age group 25-64 - with educational attainment level 0-2 (%),25-64_T_0-2,NUTS,2,2016,DE23,Oberpfalz,,1-ESPON Database (Database Portal 2020) : https://database.espon.eu | 2-Database Eurostat : https://ec.europa.eu/eurostat,25.1,21.3,20.7,19.3,18.6,17.3,17.6,15.1,14.6,14.5,13.7,12.9,13.4,12.8,12,12.6,13.5,12.8,12.6,12.4,10.9
297,Population - age group 25-64 - with educational attainment level 0-2 (%),25-64_T_0-2,NUTS,2,2016,DE24,Oberfranken,,1-ESPON Database (Database Portal 2020) : https://database.espon.eu | 2-Database Eurostat : https://ec.europa.eu/eurostat,22,21.8,22.3,20.4,18.7,17.2,18.6,18.1,16.9,16.2,14.7,14.2,14,13.1,11.6,11.9,12,11.9,11,11.4,10
297,Population - age group 25-64 - with educational attainment level 0-2 (%),25-64_T_0-2,NUTS,2,2016,DE25,Mittelfranken,,1-ESPON Database (Database Portal 2020) : https://database.espon.eu | 2-Database Eurostat : https://ec.europa.eu/eurostat,23.5,20.2,21,21.1,18.4,19.4,18.1,16.2,15.5,15.5,14.6,15.1,13.8,13.8,13.3,12.9,14,14.3,14.5,14,14.1
297,Population - age group 25-64 - with educational attainment level 0-2 (%),25-64_T_0-2,NUTS,2,2016,DE26,Unterfranken,,1-ESPON Database (Database Portal 2020) : https://database.espon.eu | 2-Database Eurostat : https://ec.europa.eu/eurostat,23.9,19.8,19,18.5,16.2,17,18.6,16.2,14.9,15,13.7,13,12.1,11.7,11.2,11.5,12.7,11.7,11.5,11.3,9
297,Population - age group 25-64 - with educational attainment level 0-2 (%),25-64_T_0-2,NUTS,2,2016,DE27,Schwaben,,1-ESPON Database (Database Portal 2020) : https://database.espon.eu | 2-Database Eurostat : https://ec.europa.eu/eurostat,19.9,21.9,19.9,17.7,16.2,17,17,15.3,15.2,14.5,12.9,13.1,12.7,12.4,12.1,12.4,13.3,13,12.1,11.9,12.5
297,Population - age group 25-64 - with educational attainment level 0-2 (%),25-64_T_0-2,NUTS,2,2016,DE30,Berlin,,1-ESPON Database (Database Portal 2020) : https://database.espon.eu | 2-Database Eurostat : https://ec.europa.eu/eurostat,16.7,16.8,16,16.5,16.2,16.6,16.8,15.8,16.1,15.5,14.9,14.9,14.8,15.1,14.7,15.1,13.8,13.7,12.9,12.3,13.4
297,Population - age group 25-64 - with educational attainment level 0-2 (%),25-64_T_0-2,NUTS,2,2016,DE40,Brandenburg,,1-ESPON Database (Database Portal 2020) : https://database.espon.eu | 2-Database Eurostat : https://ec.europa.eu/eurostat,7.7,5.9,6.4,6.7,6.9,7.3,7.5,7,6.3,6.4,6.2,6,6.7,6.2,6.2,6.6,6.4,7.8,7.3,7.7,8.3
297,Population - age group 25-64 - with educational attainment level 0-2 (%),25-64_T_0-2,NUTS,2,2016,DE50,Bremen,,1-ESPON Database (Database Portal 2020) : https://database.espon.eu | 2-Database Eurostat : https://ec.europa.eu/eurostat,25.6,21,22,22.8,21.9,25.8,24.5,22,23.6,22.9,19.8,19.3,19.9,19.9,19.5,21.4,18.4,18.1,18.8,19.7,20.3
297,Population - age group 25-64 - with educational attainment level 0-2 (%),25-64_T_0-2,NUTS,2,2016,DE60,Hamburg,,1-ESPON Database (Database Portal 2020) : https://database.espon.eu | 2-Database Eurostat : https://ec.europa.eu/eurostat,18.9,18.6,19.8,18.8,19,19.1,19.5,18.8,17.2,16.8,14.8,14.7,15.2,15.8,16,14.7,14.2,15.7,15.5,15.9,15.4
297,Population - age group 25-64 - with educational attainment level 0-2 (%),25-64_T_0-2,NUTS,2,2016,DE71,Darmstadt,,1-ESPON Database (Database Portal 2020) : https://database.espon.eu | 2-Database Eurostat : https://ec.europa.eu/eurostat,18.9,18,18.9,16.9,17.2,18.2,18.1,16.7,16.5,15.8,14.9,14.3,14,14.7,15.2,15.3,15.8,15.8,15.9,16,17.8
297,Population - age group 25-64 - with educational attainment level 0-2 (%),25-64_T_0-2,NUTS,2,2016,DE72,Giessen,,1-ESPON Database (Database Portal 2020) : https://database.espon.eu | 2-Database Eurostat : https://ec.europa.eu/eurostat,20.7,18.3,17.9,17.6,17.1,18.2,18.1,16.3,15.6,14.3,15.6,14.4,14.1,13.7,14.5,14.5,13.5,13.9,15,14.8,16.1
297,Population - age group 25-64 - with educational attainment level 0-2 (%),25-64_T_0-2,NUTS,2,2016,DE73,Kassel,,1-ESPON Database (Database Portal 2020) : https://database.espon.eu | 2-Database Eurostat : https://ec.europa.eu/eurostat,19.2,17.3,16.1,15.7,17.1,17.6,16.9,14.6,13.8,13.5,14.7,13.1,12.3,11.5,12,12,11.7,13.2,13.4,13.1,15.6
297,Population - age group 25-64 - with educational attainment level 0-2 (%),25-64_T_0-2,NUTS,2,2016,DE80,Mecklenburg-Vorpommern,,1-ESPON Database (Database Portal 2020) : https://database.espon.eu | 2-Database Eurostat : https://ec.europa.eu/eurostat,12,9.2,10.5,9.2,8.4,8.6,10.2,10.3,7.1,7,6.2,6.7,6.6,7,7,7.2,7.5,7.5,8,6.5,8.1
297,Population - age group 25-64 - with educational attainment level 0-2 (%),25-64_T_0-2,NUTS,2,2016,DE91,Braunschweig,,1-ESPON Database (Database Portal 2020) : https://database.espon.eu | 2-Database Eurostat : https://ec.europa.eu/eurostat,18.3,16.2,17.8,17.4,15.2,17.1,16.7,15.1,14.2,17.5,15.6,14.2,14.1,14.1,14.3,13.2,14.2,14,13.7,13.9,16.6
297,Population - age group 25-64 - with educational attainment level 0-2 (%),25-64_T_0-2,NUTS,2,2016,DE92,Hannover,,1-ESPON Database (Database Portal 2020) : https://database.espon.eu | 2-Database Eurostat : https://ec.europa.eu/eurostat,19.3,17.4,16,16.3,16.4,17.9,17.7,17,16.3,16,15.4,14.4,14.6,14,13.2,14.1,15.4,15.7,14.9,14.6,18.8
297,Population - age group 25-64 - with educational attainment level 0-2 (%),25-64_T_0-2,NUTS,2,2016,DE93,Luneburg,,1-ESPON Database (Database Portal 2020) : https://database.espon.eu | 2-Database Eurostat : https://ec.europa.eu/eurostat,18.7,17.8,15.8,17.1,15.4,17.1,16.4,15.8,15,14.2,13.2,12.7,12.4,12.5,13.3,12.9,13.4,13.8,12.4,12.8,15.3
297,Population - age group 25-64 - with educational attainment level 0-2 (%),25-64_T_0-2,NUTS,2,2016,DE94,Weser-Ems,,1-ESPON Database (Database Portal 2020) : https://database.espon.eu | 2-Database Eurostat : https://ec.europa.eu/eurostat,20.3,18.6,18.5,17.8,18.7,19.1,18.8,17.2,16.5,15.5,15.4,14,14.4,14.1,13.7,14.6,15.1,14.9,15.4,15.1,15.9
297,Population - age group 25-64 - with educational attainment level 0-2 (%),25-64_T_0-2,NUTS,2,2016,DEA1,Dusseldorf,,1-ESPON Database (Database Portal 2020) : https://database.espon.eu | 2-Database Eurostat : https://ec.europa.eu/eurostat,23.3,22,20.9,21,20.9,21.8,20.9,20,19.3,19.1,18.8,18,18.4,19,19.1,18.6,18.9,18.9,18.6,18.4,19.3
297,Population - age group 25-64 - with educational attainment level 0-2 (%),25-64_T_0-2,NUTS,2,2016,DEA2,Koln,,1-ESPON Database (Database Portal 2020) : https://database.espon.eu | 2-Database Eurostat : https://ec.europa.eu/eurostat,21.5,20.4,19.9,19.3,20.5,20.1,20,18.8,17.8,18.4,17.9,18,17.7,18.4,17.7,17.7,17.3,17,16.5,16.6,18.1
297,Population - age group 25-64 - with educational attainment level 0-2 (%),25-64_T_0-2,NUTS,2,2016,DEA3,Munster,,1-ESPON Database (Database Portal 2020) : https://database.espon.eu | 2-Database Eurostat : https://ec.europa.eu/eurostat,20.5,18.1,19.4,18.7,17,18.5,17.4,17,16.6,17.2,16.4,15.9,16.2,15.7,15.7,16.5,15.9,15.9,16,15.7,15
297,Population - age group 25-64 - with educational attainment level 0-2 (%),25-64_T_0-2,NUTS,2,2016,DEA4,Detmold,,1-ESPON Database (Database Portal 2020) : https://database.espon.eu | 2-Database Eurostat : https://ec.europa.eu/eurostat,20.5,18.5,17.9,17.3,18.3,19,18.2,18.1,17.9,17.3,16.9,16.5,16.2,16.3,16.2,17.1,16.8,16.4,16.9,16.5,19.1
297,Population - age group 25-64 - with educational attainment level 0-2 (%),25-64_T_0-2,NUTS,2,2016,DEA5,Arnsberg,,1-ESPON Database (Database Portal 2020) : https://database.espon.eu | 2-Database Eurostat : https://ec.europa.eu/eurostat,21,20.9,21.1,20.5,19,21.4,21.7,21.7,20.7,20.4,19.9,18.8,18.7,18,17.6,18,19.4,18.6,18.5,18.4,20.7
297,Population - age group 25-64 - with educational attainment level 0-2 (%),25-64_T_0-2,NUTS,2,2016,DEB1,Koblenz,,1-ESPON Database (Database Portal 2020) : https://database.espon.eu | 2-Database Eurostat : https://ec.europa.eu/eurostat,20.952381,19.333333,18,19.4,19.3,18.4,18.4,16.8,17.1,17.6,16.7,16.1,15.7,16.5,15.1,15.4,16.9,16.7,15.4,15.1,16.9
297,Population - age group 25-64 - with educational attainment level 0-2 (%),25-64_T_0-2,NUTS,2,2016,DEB2,Trier,,1-ESPON Database (Database Portal 2020) : https://database.espon.eu | 2-Database Eurostat : https://ec.europa.eu/eurostat,21.185185,19.548148,18.2,18.5,16.2,16.5,16.4,15.1,13.8,13.7,13.9,13.7,13.3,13.7,12,13,13.8,12.5,11,10.6,13.6
297,Population - age group 25-64 - with educational attainment level 0-2 (%),25-64_T_0-2,NUTS,2,2016,DEB3,Rheinhessen-Pfalz,,1-ESPON Database (Database Portal 2020) : https://database.espon.eu | 2-Database Eurostat : https://ec.europa.eu/eurostat,22.814815,21.051852,19.6,19,18.8,20.8,20.4,18.2,17.6,17.3,17.3,16.4,16.5,16.9,15.8,15.8,17.6,17.2,17.2,16.6,15.4
297,Population - age group 25-64 - with educational attainment level 0-2 (%),25-64_T_0-2,NUTS,2,2016,DEC0,Saarland,,1-ESPON Database (Database Portal 2020) : https://database.espon.eu | 2-Database Eurostat : https://ec.europa.eu/eurostat,21.4,19.9,20.8,20.6,21.3,23.8,20.7,20.2,17.2,16.2,15.7,15.7,15.8,16.1,16.8,15.9,15.8,15.3,15.2,15.9,16.3
297,Population - age group 25-64 - with educational attainment level 0-2 (%),25-64_T_0-2,NUTS,2,2016,DED2,Dresden,,1-ESPON Database (Database Portal 2020) : https://database.espon.eu | 2-Database Eurostat : https://ec.europa.eu/eurostat,6.9,6.5,5,4.9,4.9,5.3,4.8,4.4,4.1,4.1,3.9,3.8,3.9,3.9,4.1,3.6,4.7,5,5,4.8,4.9
297,Population - age group 25-64 - with educational attainment level 0-2 (%),25-64_T_0-2,NUTS,2,2016,DED4,Chemnitz,,1-ESPON Database (Database Portal 2020) : https://database.espon.eu | 2-Database Eurostat : https://ec.europa.eu/eurostat,4.825532,4.212766,3.6,3.446809,3.370213,3.6,3.8,3.4,3,4,3.5,3.2,3.5,3.3,3.4,4,4,4.4,4.9,5.4,5.2
297,Population - age group 25-64 - with educational attainment level 0-2 (%),25-64_T_0-2,NUTS,2,2016,DED5,Leipzig,,1-ESPON Database (Database Portal 2020) : https://database.espon.eu | 2-Database Eurostat : https://ec.europa.eu/eurostat,7.37234,6.43617,5.5,5.265957,5.148936,5.5,6.2,5.2,5.7,5.3,4.2,4.7,5,4.7,5,5,5.1,5.6,6.2,6.4,7
297,Population - age group 25-64 - with educational attainment level 0-2 (%),25-64_T_0-2,NUTS,2,2016,DEE0,Sachsen-Anhalt,,1-ESPON Database (Database Portal 2020) : https://database.espon.eu | 2-Database Eurostat : https://ec.europa.eu/eurostat,9.2,8.9,8.2,8.2,7.7,10.5,10.2,8.9,7.7,6.8,6.2,5.8,6.1,6.3,5.9,6.9,6.9,7.9,7.6,8.4,8.4
297,Population - age group 25-64 - with educational attainment level 0-2 (%),25-64_T_0-2,NUTS,2,2016,DEF0,Schleswig-Holstein,,1-ESPON Database (Database Portal 2020) : https://database.espon.eu | 2-Database Eurostat : https://ec.europa.eu/eurostat,17.9,16.4,15.6,14.4,15.5,15.1,15,14.7,13.2,13.8,13,12.2,12.4,12.1,12,11.7,12.3,12.6,12.7,12.3,12.5
297,Population - age group 25-64 - with educational attainment level 0-2 (%),25-64_T_0-2,NUTS,2,2016,DEG0,Thuringen,,1-ESPON Database (Database Portal 2020) : https://database.espon.eu | 2-Database Eurostat : https://ec.europa.eu/eurostat,9.3,7.2,6.6,6,5.9,7,8.2,7.3,5.8,5,4.8,4,4,4.5,4.1,4.5,4.9,4.3,4.3,4.8,6
297,Population - age group 25-64 - with educational attainment level 0-2 (%),25-64_T_0-2,NUTS,2,2016,FRI2,Limousin,,1-ESPON Database (Database Portal 2020) : https://database.espon.eu | 2-Database Eurostat : https://ec.europa.eu/eurostat,36.2,35.1,34.9,33.6,32.4,32.1,31.9,33.7,29.5,27.2,29.6,27.7,24.4,22.2,20.5,19.7,18.9,17,16.8,19.2,16.8
297,Population - age group 25-64 - with educational attainment level 0-2 (%),25-64_T_0-2,NUTS,2,2016,FRM0,Corse,,1-ESPON Database (Database Portal 2020) : https://database.espon.eu | 2-Database Eurostat : https://ec.europa.eu/eurostat,65.2,58.3,58.9,79.2,68.6,65.3,50.7,53.2,56.3,53.4,44.7,45.2,39.9,35.1,31.5,27.2,22.8,30,39,33.7,23.2
297,Population - age group 25-64 - with educational attainment level 0-2 (%),25-64_T_0-2,NUTS,2,2016,ITC2,Valle d'Aosta/Vallee d'Aoste,,1-ESPON Database (Database Portal 2020) : https://database.espon.eu | 2-Database Eurostat : https://ec.europa.eu/eurostat,56.9,58.7,58.6,55.1,54.5,53.4,53.7,52.2,51.9,50.6,49.6,48.2,46,44.9,44,43.3,41.8,40.3,38.9,38.1,38.5
297,Population - age group 25-64 - with educational attainment level 0-2 (%),25-64_T_0-2,NUTS,2,2016,ME00,Crna Gora,,2-Database Eurostat : https://ec.europa.eu/eurostat,,,,,,,,,,,,17.5,16.4,15.4,14.4,14.1,14.5,13.9,13.2,12.2,12.4
297,Population - age group 25-64 - with educational attainment level 0-2 (%),25-64_T_0-2,NUTS,2,2016,MK00,Poranesna jugoslovenska Republika Makedonija,c-extrapolated value (estimation beyond known values) | c-extrapolated value (estimation beyond known values) | c-extrapolated value (estimation beyond known values),"1-ESPON Database (Database Portal 2020) : https://database.espon.eu | 2-Database Eurostat : https://ec.europa.eu/eurostat | 3-value estimated based on either ESPON Database (Database Portal 2020) or Database Eurostat : https://database.espon.eu, https://ec.europa.eu/eurostat",47.877024,46.862381,45.84774,44.833095,43.818452,42.80381,42.4,39.5,40.8,38.8,37.5,36.3,35.1,34.4,34.3,33.6,31.6,30.4,29.8,28.4,27.4
297,Population - age group 25-64 - with educational attainment level 0-2 (%),25-64_T_0-2,NUTS,2,2016,PL21,Malopolskie,,1-ESPON Database (Database Portal 2020) : https://database.espon.eu | 2-Database Eurostat : https://ec.europa.eu/eurostat,18.1,17.9,16.8,15.3,14.8,14.4,12.2,12.1,11.9,10.1,9,9.1,8.8,8.1,7.8,7.6,7.5,6.3,5.1,5.9,6.2
297,Population - age group 25-64 - with educational attainment level 0-2 (%),25-64_T_0-2,NUTS,2,2016,PL22,Slaskie,,1-ESPON Database (Database Portal 2020) : https://database.espon.eu | 2-Database Eurostat : https://ec.europa.eu/eurostat,17.8,16.2,15,13.9,13.3,11.6,10.8,10.1,8.7,7.6,7.5,7.5,6.8,6.5,6.2,6.2,6.1,5.7,5.4,4.9,4.3
297,Population - age group 25-64 - with educational attainment level 0-2 (%),25-64_T_0-2,NUTS,2,2016,PL41,Wielkopolskie,,1-ESPON Database (Database Portal 2020) : https://database.espon.eu | 2-Database Eurostat : https://ec.europa.eu/eurostat,18.9,18.6,17.9,16.5,15.1,13.9,12.7,12.2,11.7,12.3,11.4,9.9,9.1,8.8,8.8,8.4,8.3,6.9,7,7,5.9
297,Population - age group 25-64 - with educational attainment level 0-2 (%),25-64_T_0-2,NUTS,2,2016,PL42,Zachodniopomorskie,,1-ESPON Database (Database Portal 2020) : https://database.espon.eu | 2-Database Eurostat : https://ec.europa.eu/eurostat,21.8,21.7,20.7,20.2,19.2,18,16.5,15.9,15.8,14.1,14.2,14.6,13.2,12.8,13.5,13.2,12.3,10.9,10.3,10.6,9.2
297,Population - age group 25-64 - with educational attainment level 0-2 (%),25-64_T_0-2,NUTS,2,2016,PL43,Lubuskie,,1-ESPON Database (Database Portal 2020) : https://database.espon.eu | 2-Database Eurostat : https://ec.europa.eu/eurostat,19.6,17.4,16.7,16.5,15.9,15.3,13.6,13.2,12.8,12.7,11.7,11.5,11.8,11.2,9.9,10,9.7,8.9,9.4,9.5,7.5
297,Population - age group 25-64 - with educational attainment level 0-2 (%),25-64_T_0-2,NUTS,2,2016,PL51,Dolnoslaskie,,1-ESPON Database (Database Portal 2020) : https://database.espon.eu | 2-Database Eurostat : https://ec.europa.eu/eurostat,19.6,18.5,17.8,17.2,15.8,13.3,12.4,12,11.6,10.9,10.9,10.9,10.6,9.6,8.1,8.7,8.7,7.3,7.6,7.3,5.4
297,Population - age group 25-64 - with educational attainment level 0-2 (%),25-64_T_0-2,NUTS,2,2016,PL52,Opolskie,,1-ESPON Database (Database Portal 2020) : https://database.espon.eu | 2-Database Eurostat : https://ec.europa.eu/eurostat,20.7,20.1,19,17.2,16.1,15.2,15,14.2,12.6,11.3,10.7,10.8,10.5,9.8,9.4,9,8.3,7.7,7.2,6.4,6.1
297,Population - age group 25-64 - with educational attainment level 0-2 (%),25-64_T_0-2,NUTS,2,2016,PL61,Kujawsko-pomorskie,,1-ESPON Database (Database Portal 2020) : https://database.espon.eu | 2-Database Eurostat : https://ec.europa.eu/eurostat,21.8,21.5,19.8,19,18.6,17.6,17.3,17.4,16.6,15.7,14.3,13.3,12.5,11.7,10.9,10.7,9.9,9.2,9.4,10,9.8
297,Population - age group 25-64 - with educational attainment level 0-2 (%),25-64_T_0-2,NUTS,2,2016,PL62,Warminsko-mazurskie,,1-ESPON Database (Database Portal 2020) : https://database.espon.eu | 2-Database Eurostat : https://ec.europa.eu/eurostat,28.4,26.9,25.9,24.1,23,21.9,19.9,18.8,19.2,18.2,18,18.3,17.7,17,16.4,15.8,16,14.8,13.5,14.5,13.7
297,Population - age group 25-64 - with educational attainment level 0-2 (%),25-64_T_0-2,NUTS,2,2016,PL63,Pomorskie,,1-ESPON Database (Database Portal 2020) : https://database.espon.eu | 2-Database Eurostat : https://ec.europa.eu/eurostat,17.6,18,19.4,16.9,15.8,15.7,14.9,13.9,12.9,13.1,12,12.2,11.5,11.3,11.2,10.1,8.9,8.2,8.2,6.8,6.7
297,Population - age group 25-64 - with educational attainment level 0-2 (%),25-64_T_0-2,NUTS,2,2016,PL71,Lodzkie,,1-ESPON Database (Database Portal 2020) : https://database.espon.eu | 2-Database Eurostat : https://ec.europa.eu/eurostat,20.6,22.2,23,21.7,18.8,16.6,16.6,16.3,15.2,14.6,13.8,13.1,11.9,11.2,10.6,9.9,9.4,9.7,8.4,8,7.7
297,Population - age group 25-64 - with educational attainment level 0-2 (%),25-64_T_0-2,NUTS,2,2016,PL72,Swietokrzyskie,,1-ESPON Database (Database Portal 2020) : https://database.espon.eu | 2-Database Eurostat : https://ec.europa.eu/eurostat,24.3,23.9,20.2,18.3,17,17.6,18.6,17.6,15.4,12.9,12.7,12.8,11.9,11.1,11.2,11.4,10.2,9.3,8.4,7.9,6.6
297,Population - age group 25-64 - with educational attainment level 0-2 (%),25-64_T_0-2,NUTS,2,2016,PL81,Lubelskie,,1-ESPON Database (Database Portal 2020) : https://database.espon.eu | 2-Database Eurostat : https://ec.europa.eu/eurostat,23.3,22.3,22.4,20.8,18.4,16.3,15.7,16,14.5,12.6,13.1,12.7,11.9,11.2,10.8,10.1,9.7,9.4,9.8,8.7,7.4
297,Population - age group 25-64 - with educational attainment level 0-2 (%),25-64_T_0-2,NUTS,2,2016,PL82,Podkarpackie,,1-ESPON Database (Database Portal 2020) : https://database.espon.eu | 2-Database Eurostat : https://ec.europa.eu/eurostat,18.8,19.3,20,18.4,17.5,15.9,14.3,14.3,13.4,11.8,10.8,11.6,11,9.9,9.6,8.9,7.2,6.6,6.7,6.6,6.6
297,Population - age group 25-64 - with educational attainment level 0-2 (%),25-64_T_0-2,NUTS,2,2016,PL84,Podlaskie,,1-ESPON Database (Database Portal 2020) : https://database.espon.eu | 2-Database Eurostat : https://ec.europa.eu/eurostat,25.8,25.6,23.9,22.6,22.2,21.2,18.4,19.2,18.2,17.2,15.2,14.2,13.4,12.9,12.1,12,10.8,10.2,10.1,9.1,9.1
297,Population - age group 25-64 - with educational attainment level 0-2 (%),25-64_T_0-2,NUTS,2,2016,PL91,Warszawski stoleczny,,2-Database Eurostat : https://ec.europa.eu/eurostat,,,,,,,,,,,,,,4.4,3.9,4,3.7,3.1,3,3.2,3.1
297,Population - age group 25-64 - with educational attainment level 0-2 (%),25-64_T_0-2,NUTS,2,2016,PL92,Mazowiecki regionalny,,2-Database Eurostat : https://ec.europa.eu/eurostat,,,,,,,,,,,,,,13,12.8,12.5,11.1,10.1,9.9,9.1,9.1
297,Population - age group 25-64 - with educational attainment level 0-2 (%),25-64_T_0-2,NUTS,2,2016,SK01,Bratislavsky kraj,,1-ESPON Database (Database Portal 2020) : https://database.espon.eu | 2-Database Eurostat : https://ec.europa.eu/eurostat,9.3,8.7,9.1,8.8,7.7,7.4,8.5,8,7.1,5.8,5.8,5.4,4.1,4.9,4.6,4.9,4.3,3.8,3.9,4,3.5
297,Population - age group 25-64 - with educational attainment level 0-2 (%),25-64_T_0-2,NUTS,2,2016,SK02,Zapadne Slovensko,,1-ESPON Database (Database Portal 2020) : https://database.espon.eu | 2-Database Eurostat : https://ec.europa.eu/eurostat,17.6,16.2,15.5,14.4,13.7,11.7,11.4,10.4,9.7,9,8.4,8.2,7.6,7.6,9,7.9,6.5,7.4,7.2,7.4,6.6
297,Population - age group 25-64 - with educational attainment level 0-2 (%),25-64_T_0-2,NUTS,2,2016,SK03,Stredne Slovensko,,1-ESPON Database (Database Portal 2020) : https://database.espon.eu | 2-Database Eurostat : https://ec.europa.eu/eurostat,16.7,16.1,15.2,13.8,13.2,12.6,11.4,12.6,11.3,10.6,9.5,8.6,8.1,8.4,10.3,8.5,9.2,9.1,8.7,8.4,6.8
297,Population - age group 25-64 - with educational attainment level 0-2 (%),25-64_T_0-2,NUTS,2,2016,SK04,Vychodne Slovensko,,1-ESPON Database (Database Portal 2020) : https://database.espon.eu | 2-Database Eurostat : https://ec.europa.eu/eurostat,16.9,14.9,13.2,13.5,14.3,14.3,12,11.1,10.7,9.2,10.9,10.9,11,9.9,9.9,11.2,10.9,11.6,11.2,12.2,10.3
297,Population - age group 25-64 - with educational attainment level 0-2 (%),25-64_T_0-2,NUTS,2,2016,TR10,Istanbul,c-extrapolated value (estimation beyond known values) | c-extrapolated value (estimation beyond known values) | c-extrapolated value (estimation beyond known values),"1-ESPON Database (Database Portal 2020) : https://database.espon.eu | 2-Database Eurostat : https://ec.europa.eu/eurostat | 3-value estimated based on either ESPON Database (Database Portal 2020) or Database Eurostat : https://database.espon.eu, https://ec.europa.eu/eurostat",71.1,70.8,70.5,70.2,69.9,69.6,69.3,69,66.7,66.9,68.5,66.3,62.4,61,62.2,60.4,58.7,57.4,56.4,55.6,53.8
297,Population - age group 25-64 - with educational attainment level 0-2 (%),25-64_T_0-2,NUTS,2,2016,TR21,"Tekirdag, Edirne, Kirklareli",c-extrapolated value (estimation beyond known values) | c-extrapolated value (estimation beyond known values) | c-extrapolated value (estimation beyond known values),"1-ESPON Database (Database Portal 2020) : https://database.espon.eu | 2-Database Eurostat : https://ec.europa.eu/eurostat | 3-value estimated based on either ESPON Database (Database Portal 2020) or Database Eurostat : https://database.espon.eu, https://ec.europa.eu/eurostat",85.2,83.2,81.2,79.2,77.2,75.2,73.2,71.2,66.3,67,70.7,69.3,65.9,64.6,66.2,65.4,63.3,61.7,61,59,54.8
297,Population - age group 25-64 - with educational attainment level 0-2 (%),25-64_T_0-2,NUTS,2,2016,TR22,"Balikesir, Canakkale",c-extrapolated value (estimation beyond known values) | c-extrapolated value (estimation beyond known values) | c-extrapolated value (estimation beyond known values),"1-ESPON Database (Database Portal 2020) : https://database.espon.eu | 2-Database Eurostat : https://ec.europa.eu/eurostat | 3-value estimated based on either ESPON Database (Database Portal 2020) or Database Eurostat : https://database.espon.eu, https://ec.europa.eu/eurostat",90.2,88.3,86.4,84.5,82.6,80.7,78.8,76.9,77.4,77,75.1,72.4,70.8,70.8,65.9,64.3,63.3,63,63.2,59.9,57
297,Population - age group 25-64 - with educational attainment level 0-2 (%),25-64_T_0-2,NUTS,2,2016,TR31,Izmir,c-extrapolated value (estimation beyond known values) | c-extrapolated value (estimation beyond known values) | c-extrapolated value (estimation beyond known values),"1-ESPON Database (Database Portal 2020) : https://database.espon.eu | 2-Database Eurostat : https://ec.europa.eu/eurostat | 3-value estimated based on either ESPON Database (Database Portal 2020) or Database Eurostat : https://database.espon.eu, https://ec.europa.eu/eurostat",71.072619,70.261905,69.45119,68.640476,67.829762,67.01905,69.7,64.7,62.3,60.3,61.7,63.3,62.3,62.4,61,59.6,58.5,56.5,55.1,55.6,55
297,Population - age group 25-64 - with educational attainment level 0-2 (%),25-64_T_0-2,NUTS,2,2016,TR32,"Aydin, Denizli, Mugla",c-extrapolated value (estimation beyond known values) | c-extrapolated value (estimation beyond known values) | c-extrapolated value (estimation beyond known values),"1-ESPON Database (Database Portal 2020) : https://database.espon.eu | 2-Database Eurostat : https://ec.europa.eu/eurostat | 3-value estimated based on either ESPON Database (Database Portal 2020) or Database Eurostat : https://database.espon.eu, https://ec.europa.eu/eurostat",86.8,85,83.2,81.4,79.6,77.8,76,74.2,74.7,74.5,73,73.7,73.2,73.9,71.2,68.7,67,64.7,63.3,61.5,59.1
297,Population - age group 25-64 - with educational attainment level 0-2 (%),25-64_T_0-2,NUTS,2,2016,TR33,"Manisa, Afyonkarahisar, Kutahya, Usak",c-extrapolated value (estimation beyond known values) | c-extrapolated value (estimation beyond known values) | c-extrapolated value (estimation beyond known values),"1-ESPON Database (Database Portal 2020) : https://database.espon.eu | 2-Database Eurostat : https://ec.europa.eu/eurostat | 3-value estimated based on either ESPON Database (Database Portal 2020) or Database Eurostat : https://database.espon.eu, https://ec.europa.eu/eurostat",91.1,89.6,88.1,86.6,85.1,83.6,82.1,80.6,80.8,80.5,77.6,77.7,79.4,79.8,74.2,71.9,71.4,70.8,68.6,67.4,67.6
297,Population - age group 25-64 - with educational attainment level 0-2 (%),25-64_T_0-2,NUTS,2,2016,TR41,"Bursa, Eskisehir, Bilecik",c-extrapolated value (estimation beyond known values) | c-extrapolated value (estimation beyond known values) | c-extrapolated value (estimation beyond known values),"1-ESPON Database (Database Portal 2020) : https://database.espon.eu | 2-Database Eurostat : https://ec.europa.eu/eurostat | 3-value estimated based on either ESPON Database (Database Portal 2020) or Database Eurostat : https://database.espon.eu, https://ec.europa.eu/eurostat",67,67.8,68.6,69.4,70.2,71,71.8,72.6,70.4,68.9,70.8,69.8,66.3,63.9,64.2,62.3,61,60.2,58.6,56.5,54.6
297,Population - age group 25-64 - with educational attainment level 0-2 (%),25-64_T_0-2,NUTS,2,2016,TR42,"Kocaeli, Sakarya, Duzce, Bolu, Yalova",c-extrapolated value (estimation beyond known values) | c-extrapolated value (estimation beyond known values) | c-extrapolated value (estimation beyond known values),"1-ESPON Database (Database Portal 2020) : https://database.espon.eu | 2-Database Eurostat : https://ec.europa.eu/eurostat | 3-value estimated based on either ESPON Database (Database Portal 2020) or Database Eurostat : https://database.espon.eu, https://ec.europa.eu/eurostat",93.2,90.2,87.2,84.2,81.2,78.2,75.2,72.2,71.1,72.3,71,69.2,67.5,63.7,65.7,63.4,61.9,62,61.2,59.9,58.7
297,Population - age group 25-64 - with educational attainment level 0-2 (%),25-64_T_0-2,NUTS,2,2016,TR51,Ankara,c-extrapolated value (estimation beyond known values) | c-extrapolated value (estimation beyond known values) | c-extrapolated value (estimation beyond known values),"1-ESPON Database (Database Portal 2020) : https://database.espon.eu | 2-Database Eurostat : https://ec.europa.eu/eurostat | 3-value estimated based on either ESPON Database (Database Portal 2020) or Database Eurostat : https://database.espon.eu, https://ec.europa.eu/eurostat",60.3,59.9,59.5,59.1,58.7,58.3,57.9,57.5,56.4,54,55,53.9,52.4,51.4,50.4,49.9,49.6,49.4,47.9,46.2,44.9
297,Population - age group 25-64 - with educational attainment level 0-2 (%),25-64_T_0-2,NUTS,2,2016,TR52,"Konya, Karaman",c-extrapolated value (estimation beyond known values) | c-extrapolated value (estimation beyond known values) | c-extrapolated value (estimation beyond known values),"1-ESPON Database (Database Portal 2020) : https://database.espon.eu | 2-Database Eurostat : https://ec.europa.eu/eurostat | 3-value estimated based on either ESPON Database (Database Portal 2020) or Database Eurostat : https://database.espon.eu, https://ec.europa.eu/eurostat",74.6,75.2,75.8,76.4,77,77.6,78.2,78.8,78,76.3,77,77.4,75.9,75.9,74.1,72.2,72.5,72.9,72.9,70.5,67.4
297,Population - age group 25-64 - with educational attainment level 0-2 (%),25-64_T_0-2,NUTS,2,2016,TR61,"Antalya, Isparta, Burdur",c-extrapolated value (estimation beyond known values) | c-extrapolated value (estimation beyond known values) | c-extrapolated value (estimation beyond known values),"1-ESPON Database (Database Portal 2020) : https://database.espon.eu | 2-Database Eurostat : https://ec.europa.eu/eurostat | 3-value estimated based on either ESPON Database (Database Portal 2020) or Database Eurostat : https://database.espon.eu, https://ec.europa.eu/eurostat",75.9,75.4,74.9,74.4,73.9,73.4,72.9,72.4,74,73.4,70.4,67.4,65.9,66.4,64.7,62.7,59.6,59.4,58.2,56.4,55.1
297,Population - age group 25-64 - with educational attainment level 0-2 (%),25-64_T_0-2,NUTS,2,2016,TR62,"Adana, Mersin",c-extrapolated value (estimation beyond known values) | c-extrapolated value (estimation beyond known values) | c-extrapolated value (estimation beyond known values),"1-ESPON Database (Database Portal 2020) : https://database.espon.eu | 2-Database Eurostat : https://ec.europa.eu/eurostat | 3-value estimated based on either ESPON Database (Database Portal 2020) or Database Eurostat : https://database.espon.eu, https://ec.europa.eu/eurostat",77.7,76.8,75.9,75,74.1,73.2,72.3,71.4,72.9,73.4,71.8,70.9,69.1,68.3,67.8,67.8,67.5,65.2,63.3,62.5,61.7
297,Population - age group 25-64 - with educational attainment level 0-2 (%),25-64_T_0-2,NUTS,2,2016,TR63,"Hatay, Kahramanmaras, Osmaniye",c-extrapolated value (estimation beyond known values) | c-extrapolated value (estimation beyond known values) | c-extrapolated value (estimation beyond known values),"1-ESPON Database (Database Portal 2020) : https://database.espon.eu | 2-Database Eurostat : https://ec.europa.eu/eurostat | 3-value estimated based on either ESPON Database (Database Portal 2020) or Database Eurostat : https://database.espon.eu, https://ec.europa.eu/eurostat",73.6,74.6,75.6,76.6,77.6,78.6,79.6,80.6,80.6,81.5,80.4,77.5,76.9,77.2,75.9,73.1,70.7,72,72.7,68.8,65.4
297,Population - age group 25-64 - with educational attainment level 0-2 (%),25-64_T_0-2,NUTS,2,2016,TR71,"Kirikkale, Aksaray, Nigde, Nevsehir, Kirsehir",c-extrapolated value (estimation beyond known values) | c-extrapolated value (estimation beyond known values) | c-extrapolated value (estimation beyond known values),"1-ESPON Database (Database Portal 2020) : https://database.espon.eu | 2-Database Eurostat : https://ec.europa.eu/eurostat | 3-value estimated based on either ESPON Database (Database Portal 2020) or Database Eurostat : https://database.espon.eu, https://ec.europa.eu/eurostat",72.6,73.6,74.6,75.6,76.6,77.6,78.6,79.6,77.1,76,75.7,74.7,71.8,71.5,71.6,70.8,71.7,69,67.3,66.8,64.9
297,Population - age group 25-64 - with educational attainment level 0-2 (%),25-64_T_0-2,NUTS,2,2016,TR72,"Kayseri, Sivas, Yozgat",c-extrapolated value (estimation beyond known values) | c-extrapolated value (estimation beyond known values) | c-extrapolated value (estimation beyond known values),"1-ESPON Database (Database Portal 2020) : https://database.espon.eu | 2-Database Eurostat : https://ec.europa.eu/eurostat | 3-value estimated based on either ESPON Database (Database Portal 2020) or Database Eurostat : https://database.espon.eu, https://ec.europa.eu/eurostat",80.4,79.7,79,78.3,77.6,76.9,76.2,75.5,76.3,74.2,73.7,75.6,74.6,68.7,69.1,69.1,67.7,67.3,66.7,64.5,62.2
297,Population - age group 25-64 - with educational attainment level 0-2 (%),25-64_T_0-2,NUTS,2,2016,TR81,"Zonguldak, Karabuk, Bartin",c-extrapolated value (estimation beyond known values) | c-extrapolated value (estimation beyond known values) | c-extrapolated value (estimation beyond known values),"1-ESPON Database (Database Portal 2020) : https://database.espon.eu | 2-Database Eurostat : https://ec.europa.eu/eurostat | 3-value estimated based on either ESPON Database (Database Portal 2020) or Database Eurostat : https://database.espon.eu, https://ec.europa.eu/eurostat",55.9,59.3,62.7,66.1,69.5,72.9,76.3,79.7,79.4,77.8,75.2,73.9,74.8,73.6,75.2,73.5,70,68.5,67.1,63.9,60.1
297,Population - age group 25-64 - with educational attainment level 0-2 (%),25-64_T_0-2,NUTS,2,2016,TR82,"Kastamonu, Cankiri, Sinop",c-extrapolated value (estimation beyond known values) | c-extrapolated value (estimation beyond known values) | c-extrapolated value (estimation beyond known values),"1-ESPON Database (Database Portal 2020) : https://database.espon.eu | 2-Database Eurostat : https://ec.europa.eu/eurostat | 3-value estimated based on either ESPON Database (Database Portal 2020) or Database Eurostat : https://database.espon.eu, https://ec.europa.eu/eurostat",67.9,69.5,71.1,72.7,74.3,75.9,77.5,79.1,78.1,75.8,75.3,74.5,74.5,75.6,73.4,72.7,72.8,70.9,68.3,65.9,66.3
297,Population - age group 25-64 - with educational attainment level 0-2 (%),25-64_T_0-2,NUTS,2,2016,TR83,"Samsun, Tokat, Corum, Amasya",c-extrapolated value (estimation beyond known values) | c-extrapolated value (estimation beyond known values) | c-extrapolated value (estimation beyond known values),"1-ESPON Database (Database Portal 2020) : https://database.espon.eu | 2-Database Eurostat : https://ec.europa.eu/eurostat | 3-value estimated based on either ESPON Database (Database Portal 2020) or Database Eurostat : https://database.espon.eu, https://ec.europa.eu/eurostat",94.6,92.2,89.8,87.4,85,82.6,80.2,77.8,78.9,77.4,76.7,76.7,74.4,75.6,73.8,71.9,71.6,71,70.4,68.4,66.3
297,Population - age group 25-64 - with educational attainment level 0-2 (%),25-64_T_0-2,NUTS,2,2016,TR90,Trabzon,c-extrapolated value (estimation beyond known values) | c-extrapolated value (estimation beyond known values) | c-extrapolated value (estimation beyond known values),"1-ESPON Database (Database Portal 2020) : https://database.espon.eu | 2-Database Eurostat : https://ec.europa.eu/eurostat | 3-value estimated based on either ESPON Database (Database Portal 2020) or Database Eurostat : https://database.espon.eu, https://ec.europa.eu/eurostat",62,63.6,65.2,66.8,68.4,70,71.6,73.2,74,74.9,73.6,73.2,74.1,70.4,70.2,67,64.3,64.3,64.2,62.4,59.2
297,Population - age group 25-64 - with educational attainment level 0-2 (%),25-64_T_0-2,NUTS,2,2016,TRA1,"Erzurum, Erzincan, Bayburt",c-extrapolated value (estimation beyond known values) | c-extrapolated value (estimation beyond known values) | c-extrapolated value (estimation beyond known values),"1-ESPON Database (Database Portal 2020) : https://database.espon.eu | 2-Database Eurostat : https://ec.europa.eu/eurostat | 3-value estimated based on either ESPON Database (Database Portal 2020) or Database Eurostat : https://database.espon.eu, https://ec.europa.eu/eurostat",86.7,84.9,83.1,81.3,79.5,77.7,75.9,74.1,72.6,72.7,75.9,75.7,70.8,71.1,76.3,74.5,69.8,66.8,65.4,61,61.2
297,Population - age group 25-64 - with educational attainment level 0-2 (%),25-64_T_0-2,NUTS,2,2016,TRA2,"Agri, Kars, Igdir, Ardahan",c-extrapolated value (estimation beyond known values) | c-extrapolated value (estimation beyond known values) | c-extrapolated value (estimation beyond known values),"1-ESPON Database (Database Portal 2020) : https://database.espon.eu | 2-Database Eurostat : https://ec.europa.eu/eurostat | 3-value estimated based on either ESPON Database (Database Portal 2020) or Database Eurostat : https://database.espon.eu, https://ec.europa.eu/eurostat",62.8,65.8,68.8,71.8,74.8,77.8,80.8,83.8,87.4,84.9,81.6,81.2,77.9,79.3,82.1,79.5,78.6,77.6,79.5,79,73.7
297,Population - age group 25-64 - with educational attainment level 0-2 (%),25-64_T_0-2,NUTS,2,2016,TRB1,"Malatya, Elazig, Bingol, Tunceli",c-extrapolated value (estimation beyond known values) | c-extrapolated value (estimation beyond known values) | c-extrapolated value (estimation beyond known values),"1-ESPON Database (Database Portal 2020) : https://database.espon.eu | 2-Database Eurostat : https://ec.europa.eu/eurostat | 3-value estimated based on either ESPON Database (Database Portal 2020) or Database Eurostat : https://database.espon.eu, https://ec.europa.eu/eurostat",65.4,66.8,68.2,69.6,71,72.4,73.8,75.2,76.2,75.3,74.5,72.2,72.4,73,66.9,65.2,63.1,63,64.9,62,58.5
297,Population - age group 25-64 - with educational attainment level 0-2 (%),25-64_T_0-2,NUTS,2,2016,TRB2,"Van, Mus, Bitlis, Hakkari",c-extrapolated value (estimation beyond known values) | c-extrapolated value (estimation beyond known values) | c-extrapolated value (estimation beyond known values),"1-ESPON Database (Database Portal 2020) : https://database.espon.eu | 2-Database Eurostat : https://ec.europa.eu/eurostat | 3-value estimated based on either ESPON Database (Database Portal 2020) or Database Eurostat : https://database.espon.eu, https://ec.europa.eu/eurostat",93,92,91,90,89,88,87,86,82.8,81.1,81.9,81.5,81.8,83.5,82.2,82.4,82.2,81,78.4,74.4,74.2
297,Population - age group 25-64 - with educational attainment level 0-2 (%),25-64_T_0-2,NUTS,2,2016,TRC1,"Gaziantep, Adiyaman, Kilis",c-extrapolated value (estimation beyond known values) | c-extrapolated value (estimation beyond known values) | c-extrapolated value (estimation beyond known values),"1-ESPON Database (Database Portal 2020) : https://database.espon.eu | 2-Database Eurostat : https://ec.europa.eu/eurostat | 3-value estimated based on either ESPON Database (Database Portal 2020) or Database Eurostat : https://database.espon.eu, https://ec.europa.eu/eurostat",73.5,75.5,77.5,79.5,81.5,83.5,85.5,87.5,86.7,84.2,80.5,82,81.6,76.4,75.4,72.7,71.7,73.3,72.6,72,68.6
297,Population - age group 25-64 - with educational attainment level 0-2 (%),25-64_T_0-2,NUTS,2,2016,TRC2,"Sanliurfa, Diyarbakir",c-extrapolated value (estimation beyond known values) | c-extrapolated value (estimation beyond known values) | c-extrapolated value (estimation beyond known values),"1-ESPON Database (Database Portal 2020) : https://database.espon.eu | 2-Database Eurostat : https://ec.europa.eu/eurostat | 3-value estimated based on either ESPON Database (Database Portal 2020) or Database Eurostat : https://database.espon.eu, https://ec.europa.eu/eurostat",87.2,86.9,86.6,86.3,86,85.7,85.4,85.1,87.6,84,80.9,81.5,84.1,84.3,83.7,82.4,80.7,77.8,78.2,78.4,77.8
297,Population - age group 25-64 - with educational attainment level 0-2 (%),25-64_T_0-2,NUTS,2,2016,TRC3,"Mardin, Batman, Sirnak, Siirt",c-extrapolated value (estimation beyond known values) | c-extrapolated value (estimation beyond known values) | c-extrapolated value (estimation beyond known values),"1-ESPON Database (Database Portal 2020) : https://database.espon.eu | 2-Database Eurostat : https://ec.europa.eu/eurostat | 3-value estimated based on either ESPON Database (Database Portal 2020) or Database Eurostat : https://database.espon.eu, https://ec.europa.eu/eurostat",86.099265,85.556324,85.01338,84.470441,83.9275,75.1,80.9,86.7,87.7,82.9,80.5,79.7,79.1,79.1,81.1,79,75.5,77.4,76.4,74.2,73.7
297,Population - age group 25-64 - with educational attainment level 0-2 (%),25-64_T_0-2,NUTS,2,2016,UKC1,Tees Valley and Durham,c-extrapolated value (estimation beyond known values) | c-extrapolated value (estimation beyond known values) | c-extrapolated value (estimation beyond known values),"1-ESPON Database (Database Portal 2020) : https://database.espon.eu | 2-Database Eurostat : https://ec.europa.eu/eurostat | 3-value estimated based on either ESPON Database (Database Portal 2020) or Database Eurostat : https://database.espon.eu, https://ec.europa.eu/eurostat",42.2,41.6,39.9,36.7,34.2,30,28.3,29,28.8,31.1,25.9,27,27.1,26.5,25.2,23.8,24.5,26.2,26.7,24.6,22.5
297,Population - age group 25-64 - with educational attainment level 0-2 (%),25-64_T_0-2,NUTS,2,2016,UKC2,Northumberland and Tyne and Wear,c-extrapolated value (estimation beyond known values) | c-extrapolated value (estimation beyond known values) | c-extrapolated value (estimation beyond known values),"1-ESPON Database (Database Portal 2020) : https://database.espon.eu | 2-Database Eurostat : https://ec.europa.eu/eurostat | 3-value estimated based on either ESPON Database (Database Portal 2020) or Database Eurostat : https://database.espon.eu, https://ec.europa.eu/eurostat",40.4,37.7,37,33.7,33,31,30.4,28.2,29.5,29.2,26.9,23.8,23.8,24.9,23.6,21.7,23.7,22.9,22,23.3,24.6
297,Population - age group 25-64 - with educational attainment level 0-2 (%),25-64_T_0-2,NUTS,2,2016,UKD1,Cumbria,c-extrapolated value (estimation beyond known values) | c-extrapolated value (estimation beyond known values) | c-extrapolated value (estimation beyond known values),"1-ESPON Database (Database Portal 2020) : https://database.espon.eu | 2-Database Eurostat : https://ec.europa.eu/eurostat | 3-value estimated based on either ESPON Database (Database Portal 2020) or Database Eurostat : https://database.espon.eu, https://ec.europa.eu/eurostat",34,35.6,35.4,28.6,29.7,27.6,23.5,23.8,26.1,25.6,25.4,24,22.2,21.4,20.6,19.7,20.8,21.1,17.8,18.1,18.4
297,Population - age group 25-64 - with educational attainment level 0-2 (%),25-64_T_0-2,NUTS,2,2016,UKD3,Greater Manchester,c-extrapolated value (estimation beyond known values) | c-extrapolated value (estimation beyond known values) | c-extrapolated value (estimation beyond known values),"1-ESPON Database (Database Portal 2020) : https://database.espon.eu | 2-Database Eurostat : https://ec.europa.eu/eurostat | 3-value estimated based on either ESPON Database (Database Portal 2020) or Database Eurostat : https://database.espon.eu, https://ec.europa.eu/eurostat",37.1,37.6,37.2,33.8,31.1,31,29.7,28,30.1,27.1,26.6,26.6,25.6,25.5,22.2,21.9,23,22,22,20.5,19
297,Population - age group 25-64 - with educational attainment level 0-2 (%),25-64_T_0-2,NUTS,2,2016,UKD4,Lancashire,c-extrapolated value (estimation beyond known values) | c-extrapolated value (estimation beyond known values) | c-extrapolated value (estimation beyond known values),"1-ESPON Database (Database Portal 2020) : https://database.espon.eu | 2-Database Eurostat : https://ec.europa.eu/eurostat | 3-value estimated based on either ESPON Database (Database Portal 2020) or Database Eurostat : https://database.espon.eu, https://ec.europa.eu/eurostat",34,35.9,34.8,30,29.9,29.5,30.6,29,28.9,26.6,22.9,25.4,23.8,25.4,22.1,21.4,21,20.4,21.3,21.3,21.3
297,Population - age group 25-64 - with educational attainment level 0-2 (%),25-64_T_0-2,NUTS,2,2016,UKD6,Cheshire,c-extrapolated value (estimation beyond known values) | c-extrapolated value (estimation beyond known values) | c-extrapolated value (estimation beyond known values),"1-ESPON Database (Database Portal 2020) : https://database.espon.eu | 2-Database Eurostat : https://ec.europa.eu/eurostat | 3-value estimated based on either ESPON Database (Database Portal 2020) or Database Eurostat : https://database.espon.eu, https://ec.europa.eu/eurostat",27.564856,28.180831,27.79585,24.946965,24.1,24.9,24.6,22.6,23.7,23.8,20.1,21.2,19.1,19.7,19.2,19,16,16.8,15.7,16.5,17.3
297,Population - age group 25-64 - with educational attainment level 0-2 (%),25-64_T_0-2,NUTS,2,2016,UKD7,Merseyside,c-extrapolated value (estimation beyond known values) | c-extrapolated value (estimation beyond known values) | c-extrapolated value (estimation beyond known values),"1-ESPON Database (Database Portal 2020) : https://database.espon.eu | 2-Database Eurostat : https://ec.europa.eu/eurostat | 3-value estimated based on either ESPON Database (Database Portal 2020) or Database Eurostat : https://database.espon.eu, https://ec.europa.eu/eurostat",41.633227,42.563578,41.98211,37.679233,36.4,35.1,35.3,33.4,31.7,29.6,29.3,28.7,27,28.1,25.6,23.9,25.4,24,23.4,20.8,18.2
297,Population - age group 25-64 - with educational attainment level 0-2 (%),25-64_T_0-2,NUTS,2,2016,UKE1,East Yorkshire and Northern Lincolnshire,c-extrapolated value (estimation beyond known values) | c-extrapolated value (estimation beyond known values) | c-extrapolated value (estimation beyond known values),"1-ESPON Database (Database Portal 2020) : https://database.espon.eu | 2-Database Eurostat : https://ec.europa.eu/eurostat | 3-value estimated based on either ESPON Database (Database Portal 2020) or Database Eurostat : https://database.espon.eu, https://ec.europa.eu/eurostat",41.2,37.1,38,32.9,36.4,33.9,30.5,28.7,28,28.3,27.6,25.9,25.6,26.1,23.2,22.4,25.4,24.7,25.9,26.3,26.7
297,Population - age group 25-64 - with educational attainment level 0-2 (%),25-64_T_0-2,NUTS,2,2016,UKE2,North Yorkshire,c-extrapolated value (estimation beyond known values) | c-extrapolated value (estimation beyond known values) | c-extrapolated value (estimation beyond known values),"1-ESPON Database (Database Portal 2020) : https://database.espon.eu | 2-Database Eurostat : https://ec.europa.eu/eurostat | 3-value estimated based on either ESPON Database (Database Portal 2020) or Database Eurostat : https://database.espon.eu, https://ec.europa.eu/eurostat",29.6,30.5,28.8,25.2,25,27.9,27.3,24.5,21.2,21.3,22.5,21.1,18.3,16.9,16.1,17.6,18,16.9,15.6,18.4,21.2
297,Population - age group 25-64 - with educational attainment level 0-2 (%),25-64_T_0-2,NUTS,2,2016,UKE3,South Yorkshire,c-extrapolated value (estimation beyond known values) | c-extrapolated value (estimation beyond known values) | c-extrapolated value (estimation beyond known values),"1-ESPON Database (Database Portal 2020) : https://database.espon.eu | 2-Database Eurostat : https://ec.europa.eu/eurostat | 3-value estimated based on either ESPON Database (Database Portal 2020) or Database Eurostat : https://database.espon.eu, https://ec.europa.eu/eurostat",42.1,44.1,39.3,35.4,33.6,32.7,32.3,34,31,29,28.9,28.6,26.7,26.9,25.4,26.3,22.4,23.4,21.7,19.5,17.3
297,Population - age group 25-64 - with educational attainment level 0-2 (%),25-64_T_0-2,NUTS,2,2016,UKE4,West Yorkshire,c-extrapolated value (estimation beyond known values) | c-extrapolated value (estimation beyond known values) | c-extrapolated value (estimation beyond known values),"1-ESPON Database (Database Portal 2020) : https://database.espon.eu | 2-Database Eurostat : https://ec.europa.eu/eurostat | 3-value estimated based on either ESPON Database (Database Portal 2020) or Database Eurostat : https://database.espon.eu, https://ec.europa.eu/eurostat",37.7,40,37.2,32.1,31.2,30,30.2,30.6,30.2,28,27.9,27.5,27.2,24.4,24.9,24.4,26.6,25.5,24.6,24.6,24.6
297,Population - age group 25-64 - with educational attainment level 0-2 (%),25-64_T_0-2,NUTS,2,2016,UKF1,Derbyshire and Nottinghamshire,c-extrapolated value (estimation beyond known values) | c-extrapolated value (estimation beyond known values) | c-extrapolated value (estimation beyond known values),"1-ESPON Database (Database Portal 2020) : https://database.espon.eu | 2-Database Eurostat : https://ec.europa.eu/eurostat | 3-value estimated based on either ESPON Database (Database Portal 2020) or Database Eurostat : https://database.espon.eu, https://ec.europa.eu/eurostat",40.6,40.4,37.9,33.8,32.9,31.3,28.9,30.1,28.6,28.2,26,26.1,25.4,23.5,24.4,22.1,21.6,22.3,21.7,19.2,16.7
297,Population - age group 25-64 - with educational attainment level 0-2 (%),25-64_T_0-2,NUTS,2,2016,UKF2,"Leicestershire, Rutland and Northamptonshire",c-extrapolated value (estimation beyond known values) | c-extrapolated value (estimation beyond known values) | c-extrapolated value (estimation beyond known values),"1-ESPON Database (Database Portal 2020) : https://database.espon.eu | 2-Database Eurostat : https://ec.europa.eu/eurostat | 3-value estimated based on either ESPON Database (Database Portal 2020) or Database Eurostat : https://database.espon.eu, https://ec.europa.eu/eurostat",38.8,37.7,36.4,31.6,29.7,29.8,29.3,28.3,29.4,26.9,24.2,24.5,25.8,23.6,22.6,20.8,20.8,20.3,21.4,19.6,17.8
297,Population - age group 25-64 - with educational attainment level 0-2 (%),25-64_T_0-2,NUTS,2,2016,UKF3,Lincolnshire,c-extrapolated value (estimation beyond known values) | c-extrapolated value (estimation beyond known values) | c-extrapolated value (estimation beyond known values),"1-ESPON Database (Database Portal 2020) : https://database.espon.eu | 2-Database Eurostat : https://ec.europa.eu/eurostat | 3-value estimated based on either ESPON Database (Database Portal 2020) or Database Eurostat : https://database.espon.eu, https://ec.europa.eu/eurostat",35.9,38.4,35.5,32.8,34.6,30.6,30.7,27.3,28.2,25.9,24.6,23.8,24.4,22.4,23.9,23.9,22.6,23.3,22.8,18.7,14.6
297,Population - age group 25-64 - with educational attainment level 0-2 (%),25-64_T_0-2,NUTS,2,2016,UKG1,"Herefordshire, Worcestershire and Warwickshire",c-extrapolated value (estimation beyond known values) | c-extrapolated value (estimation beyond known values) | c-extrapolated value (estimation beyond known values),"1-ESPON Database (Database Portal 2020) : https://database.espon.eu | 2-Database Eurostat : https://ec.europa.eu/eurostat | 3-value estimated based on either ESPON Database (Database Portal 2020) or Database Eurostat : https://database.espon.eu, https://ec.europa.eu/eurostat",34.1,33.4,32.1,33.7,30.4,27.9,24.8,24.3,25.6,25.5,25.5,25.9,21.5,20.2,21.7,20,21.5,19.5,18.2,17.9,17.6
297,Population - age group 25-64 - with educational attainment level 0-2 (%),25-64_T_0-2,NUTS,2,2016,UKG2,Shropshire and Staffordshire,c-extrapolated value (estimation beyond known values) | c-extrapolated value (estimation beyond known values) | c-extrapolated value (estimation beyond known values),"1-ESPON Database (Database Portal 2020) : https://database.espon.eu | 2-Database Eurostat : https://ec.europa.eu/eurostat | 3-value estimated based on either ESPON Database (Database Portal 2020) or Database Eurostat : https://database.espon.eu, https://ec.europa.eu/eurostat",39.9,37.6,36,31.1,32.1,31.4,30.3,29.9,31.7,28.5,26.9,24.6,23.9,25.7,23.1,22.2,20.8,19.8,19.6,18.2,16.8
297,Population - age group 25-64 - with educational attainment level 0-2 (%),25-64_T_0-2,NUTS,2,2016,UKG3,West Midlands,c-extrapolated value (estimation beyond known values) | c-extrapolated value (estimation beyond known values) | c-extrapolated value (estimation beyond known values),"1-ESPON Database (Database Portal 2020) : https://database.espon.eu | 2-Database Eurostat : https://ec.europa.eu/eurostat | 3-value estimated based on either ESPON Database (Database Portal 2020) or Database Eurostat : https://database.espon.eu, https://ec.europa.eu/eurostat",43.7,44.2,42.4,36.4,34.7,33.8,35.2,34.8,33.8,32.7,32.2,31.9,30.5,30,30.7,29.5,29.7,28.7,26.2,26.6,27
297,Population - age group 25-64 - with educational attainment level 0-2 (%),25-64_T_0-2,NUTS,2,2016,UKH1,East Anglia,c-extrapolated value (estimation beyond known values) | c-extrapolated value (estimation beyond known values) | c-extrapolated value (estimation beyond known values),"1-ESPON Database (Database Portal 2020) : https://database.espon.eu | 2-Database Eurostat : https://ec.europa.eu/eurostat | 3-value estimated based on either ESPON Database (Database Portal 2020) or Database Eurostat : https://database.espon.eu, https://ec.europa.eu/eurostat",37.7,36.1,35.4,31.1,30.4,29,27.6,27.6,27.5,25.8,24.9,24.5,21.3,20.6,21.3,21.7,22.6,21.5,21.8,20.1,18.4
297,Population - age group 25-64 - with educational attainment level 0-2 (%),25-64_T_0-2,NUTS,2,2016,UKH2,Bedfordshire and Hertfordshire,c-extrapolated value (estimation beyond known values) | c-extrapolated value (estimation beyond known values) | c-extrapolated value (estimation beyond known values),"1-ESPON Database (Database Portal 2020) : https://database.espon.eu | 2-Database Eurostat : https://ec.europa.eu/eurostat | 3-value estimated based on either ESPON Database (Database Portal 2020) or Database Eurostat : https://database.espon.eu, https://ec.europa.eu/eurostat",30.9,30.3,29.8,25.2,25.6,26.2,25.9,24.6,25.2,23,22.6,21.8,19.5,19.1,17.2,18.9,18.7,18.4,18.1,16.2,14.3
297,Population - age group 25-64 - with educational attainment level 0-2 (%),25-64_T_0-2,NUTS,2,2016,UKH3,Essex,c-extrapolated value (estimation beyond known values) | c-extrapolated value (estimation beyond known values) | c-extrapolated value (estimation beyond known values),"1-ESPON Database (Database Portal 2020) : https://database.espon.eu | 2-Database Eurostat : https://ec.europa.eu/eurostat | 3-value estimated based on either ESPON Database (Database Portal 2020) or Database Eurostat : https://database.espon.eu, https://ec.europa.eu/eurostat",41,39.1,37.4,35.2,33.2,32.5,32.3,30.2,30.5,29.9,29,27.3,25.4,24.5,26.3,24,24.5,22.8,24,23.5,23
297,Population - age group 25-64 - with educational attainment level 0-2 (%),25-64_T_0-2,NUTS,2,2016,UKI3,Inner London - West,c-extrapolated value (estimation beyond known values) | c-extrapolated value (estimation beyond known values) | c-extrapolated value (estimation beyond known values),"1-ESPON Database (Database Portal 2020) : https://database.espon.eu | 2-Database Eurostat : https://ec.europa.eu/eurostat | 3-value estimated based on either ESPON Database (Database Portal 2020) or Database Eurostat : https://database.espon.eu, https://ec.europa.eu/eurostat",18.341711,17.68877,17.15455,14.067914,14.424064,14.00856,13.05882,13.11818,12.70267,12.28717,11.1,12.8,10.7,12,10.4,10,9.1,11.3,10.3,9.3,8.3
297,Population - age group 25-64 - with educational attainment level 0-2 (%),25-64_T_0-2,NUTS,2,2016,UKI4,Inner London - East,c-extrapolated value (estimation beyond known values) | c-extrapolated value (estimation beyond known values) | c-extrapolated value (estimation beyond known values),"1-ESPON Database (Database Portal 2020) : https://database.espon.eu | 2-Database Eurostat : https://ec.europa.eu/eurostat | 3-value estimated based on either ESPON Database (Database Portal 2020) or Database Eurostat : https://database.espon.eu, https://ec.europa.eu/eurostat",29.578075,28.525134,27.66364,22.686096,23.260428,22.59037,21.05882,21.15455,20.48449,19.81444,17.9,20.3,17.2,17,17.1,16.2,15.2,14.4,13.2,13.4,13.6
297,Population - age group 25-64 - with educational attainment level 0-2 (%),25-64_T_0-2,NUTS,2,2016,UKI5,Outer London - East and North East,c-extrapolated value (estimation beyond known values) | c-extrapolated value (estimation beyond known values) | c-extrapolated value (estimation beyond known values),"1-ESPON Database (Database Portal 2020) : https://database.espon.eu | 2-Database Eurostat : https://ec.europa.eu/eurostat | 3-value estimated based on either ESPON Database (Database Portal 2020) or Database Eurostat : https://database.espon.eu, https://ec.europa.eu/eurostat",41.475401,39.99893,38.79091,31.81123,32.616578,31.67701,29.52941,29.66364,28.72406,27.78449,25.1,24.9,22.3,20.6,22.3,22.3,19.3,19.3,19.4,17.7,16
297,Population - age group 25-64 - with educational attainment level 0-2 (%),25-64_T_0-2,NUTS,2,2016,UKI6,Outer London - South,c-extrapolated value (estimation beyond known values) | c-extrapolated value (estimation beyond known values) | c-extrapolated value (estimation beyond known values),"1-ESPON Database (Database Portal 2020) : https://database.espon.eu | 2-Database Eurostat : https://ec.europa.eu/eurostat | 3-value estimated based on either ESPON Database (Database Portal 2020) or Database Eurostat : https://database.espon.eu, https://ec.europa.eu/eurostat",32.056684,30.915508,29.98182,24.587166,25.209626,24.48342,22.82353,22.92727,22.20107,21.47487,19.4,19,18.3,16.1,13.8,13.3,13.9,13.6,13,14,15
297,Population - age group 25-64 - with educational attainment level 0-2 (%),25-64_T_0-2,NUTS,2,2016,UKI7,Outer London - West and North West,c-extrapolated value (estimation beyond known values) | c-extrapolated value (estimation beyond known values) | c-extrapolated value (estimation beyond known values),"1-ESPON Database (Database Portal 2020) : https://database.espon.eu | 2-Database Eurostat : https://ec.europa.eu/eurostat | 3-value estimated based on either ESPON Database (Database Portal 2020) or Database Eurostat : https://database.espon.eu, https://ec.europa.eu/eurostat",30.239037,29.162567,28.28182,23.193048,23.780214,23.09519,21.52941,21.62727,20.94225,20.25722,18.3,17.9,16.3,16.2,15.1,14.9,14.9,13.4,13.2,12.7,12.2
297,Population - age group 25-64 - with educational attainment level 0-2 (%),25-64_T_0-2,NUTS,2,2016,UKJ1,"Berkshire, Buckinghamshire and Oxfordshire",c-extrapolated value (estimation beyond known values) | c-extrapolated value (estimation beyond known values) | c-extrapolated value (estimation beyond known values),"1-ESPON Database (Database Portal 2020) : https://database.espon.eu | 2-Database Eurostat : https://ec.europa.eu/eurostat | 3-value estimated based on either ESPON Database (Database Portal 2020) or Database Eurostat : https://database.espon.eu, https://ec.europa.eu/eurostat",28.1,29.4,27.8,23.8,23.3,22,20.7,21.9,21.2,19.2,17.7,17.8,17.1,15.8,14.5,15.2,15.1,13.2,14.3,13.6,12.9
297,Population - age group 25-64 - with educational attainment level 0-2 (%),25-64_T_0-2,NUTS,2,2016,UKJ2,"Surrey, East and West Sussex",c-extrapolated value (estimation beyond known values) | c-extrapolated value (estimation beyond known values) | c-extrapolated value (estimation beyond known values),"1-ESPON Database (Database Portal 2020) : https://database.espon.eu | 2-Database Eurostat : https://ec.europa.eu/eurostat | 3-value estimated based on either ESPON Database (Database Portal 2020) or Database Eurostat : https://database.espon.eu, https://ec.europa.eu/eurostat",27.3,28.1,27.8,23.6,23,22,21.7,21.6,21.7,19.5,18.7,18.5,17.4,17.7,15.7,16.5,16.1,15.3,14.7,14.6,14.5
297,Population - age group 25-64 - with educational attainment level 0-2 (%),25-64_T_0-2,NUTS,2,2016,UKJ3,Hampshire and Isle of Wight,c-extrapolated value (estimation beyond known values) | c-extrapolated value (estimation beyond known values) | c-extrapolated value (estimation beyond known values),"1-ESPON Database (Database Portal 2020) : https://database.espon.eu | 2-Database Eurostat : https://ec.europa.eu/eurostat | 3-value estimated based on either ESPON Database (Database Portal 2020) or Database Eurostat : https://database.espon.eu, https://ec.europa.eu/eurostat",33.5,33.8,28.4,27.5,28.6,27,26.8,24.5,24.9,24.7,22,20.9,18.6,17.6,17.4,18.6,18.9,16.7,16.1,16.3,16.5
297,Population - age group 25-64 - with educational attainment level 0-2 (%),25-64_T_0-2,NUTS,2,2016,UKJ4,Kent,c-extrapolated value (estimation beyond known values) | c-extrapolated value (estimation beyond known values) | c-extrapolated value (estimation beyond known values),"1-ESPON Database (Database Portal 2020) : https://database.espon.eu | 2-Database Eurostat : https://ec.europa.eu/eurostat | 3-value estimated based on either ESPON Database (Database Portal 2020) or Database Eurostat : https://database.espon.eu, https://ec.europa.eu/eurostat",38.3,39,34.8,31.8,31.8,30.5,29.1,27.5,27.9,26.6,26.1,25.9,23.5,22.4,19.8,20.6,21.8,22,22.2,20.2,18.2
297,Population - age group 25-64 - with educational attainment level 0-2 (%),25-64_T_0-2,NUTS,2,2016,UKK1,"Gloucestershire, Wiltshire and Bristol/Bath area",c-extrapolated value (estimation beyond known values) | c-extrapolated value (estimation beyond known values) | c-extrapolated value (estimation beyond known values),"1-ESPON Database (Database Portal 2020) : https://database.espon.eu | 2-Database Eurostat : https://ec.europa.eu/eurostat | 3-value estimated based on either ESPON Database (Database Portal 2020) or Database Eurostat : https://database.espon.eu, https://ec.europa.eu/eurostat",30,30.9,30.5,26.5,26.3,25.2,23.2,21.9,23.3,22.7,20.2,20.6,19.3,19.7,18.8,16.6,16.4,15,16.3,17.8,19.3
297,Population - age group 25-64 - with educational attainment level 0-2 (%),25-64_T_0-2,NUTS,2,2016,UKK2,Dorset and Somerset,c-extrapolated value (estimation beyond known values) | c-extrapolated value (estimation beyond known values) | c-extrapolated value (estimation beyond known values),"1-ESPON Database (Database Portal 2020) : https://database.espon.eu | 2-Database Eurostat : https://ec.europa.eu/eurostat | 3-value estimated based on either ESPON Database (Database Portal 2020) or Database Eurostat : https://database.espon.eu, https://ec.europa.eu/eurostat",34.5,32.6,32.5,30.8,29.6,25.1,24.6,24.3,24.6,24.5,21.8,21.1,19.6,18.8,19.9,18.1,19.5,19.9,18.8,18.5,18.2
297,Population - age group 25-64 - with educational attainment level 0-2 (%),25-64_T_0-2,NUTS,2,2016,UKK3,Cornwall and Isles of Scilly,c-extrapolated value (estimation beyond known values) | c-extrapolated value (estimation beyond known values) | c-extrapolated value (estimation beyond known values),"1-ESPON Database (Database Portal 2020) : https://database.espon.eu | 2-Database Eurostat : https://ec.europa.eu/eurostat | 3-value estimated based on either ESPON Database (Database Portal 2020) or Database Eurostat : https://database.espon.eu, https://ec.europa.eu/eurostat",38.5,36.1,32.8,25.5,24.9,23.4,23.3,22.8,27.5,27.4,23.9,25.1,19.8,19,18.2,19.1,20.1,17.6,18.5,16.9,15.3
297,Population - age group 25-64 - with educational attainment level 0-2 (%),25-64_T_0-2,NUTS,2,2016,UKK4,Devon,c-extrapolated value (estimation beyond known values) | c-extrapolated value (estimation beyond known values) | c-extrapolated value (estimation beyond known values),"1-ESPON Database (Database Portal 2020) : https://database.espon.eu | 2-Database Eurostat : https://ec.europa.eu/eurostat | 3-value estimated based on either ESPON Database (Database Portal 2020) or Database Eurostat : https://database.espon.eu, https://ec.europa.eu/eurostat",33.1,34.9,32.3,28.4,28.6,26.9,25.8,24.1,24,21.9,21.1,21.8,19.2,20.5,20.1,17.3,18.9,16,16.6,16.6,16.6
297,Population - age group 25-64 - with educational attainment level 0-2 (%),25-64_T_0-2,NUTS,2,2016,UKL1,West Wales and The Valleys,c-extrapolated value (estimation beyond known values) | c-extrapolated value (estimation beyond known values) | c-extrapolated value (estimation beyond known values),"1-ESPON Database (Database Portal 2020) : https://database.espon.eu | 2-Database Eurostat : https://ec.europa.eu/eurostat | 3-value estimated based on either ESPON Database (Database Portal 2020) or Database Eurostat : https://database.espon.eu, https://ec.europa.eu/eurostat",42,43.6,37.7,32.8,33.1,33.4,34.2,30.7,31.4,29.9,27,25,23.9,24.2,24.1,24,22.9,25,22.9,21.6,20.3
297,Population - age group 25-64 - with educational attainment level 0-2 (%),25-64_T_0-2,NUTS,2,2016,UKL2,East Wales,c-extrapolated value (estimation beyond known values) | c-extrapolated value (estimation beyond known values) | c-extrapolated value (estimation beyond known values),"1-ESPON Database (Database Portal 2020) : https://database.espon.eu | 2-Database Eurostat : https://ec.europa.eu/eurostat | 3-value estimated based on either ESPON Database (Database Portal 2020) or Database Eurostat : https://database.espon.eu, https://ec.europa.eu/eurostat",34.7,34.9,32.6,26.7,28.8,29,25.1,25.2,24.3,23.7,21.2,21.3,20.1,18.9,19.5,19,20.6,18.1,19.9,19.3,18.7
297,Population - age group 25-64 - with educational attainment level 0-2 (%),25-64_T_0-2,NUTS,2,2016,UKM5,North Eastern Scotland,c-extrapolated value (estimation beyond known values) | c-extrapolated value (estimation beyond known values) | c-extrapolated value (estimation beyond known values),"1-ESPON Database (Database Portal 2020) : https://database.espon.eu | 2-Database Eurostat : https://ec.europa.eu/eurostat | 3-value estimated based on either ESPON Database (Database Portal 2020) or Database Eurostat : https://database.espon.eu, https://ec.europa.eu/eurostat",26.1,29.5,27.6,27.7,23.4,22.5,22.1,20.5,21.5,20.3,19.6,19.2,19.7,18.9,13.2,13.7,17.1,20.7,17.5,13.6,9.7
297,Population - age group 25-64 - with educational attainment level 0-2 (%),25-64_T_0-2,NUTS,2,2016,UKM6,Highlands and Islands,c-extrapolated value (estimation beyond known values) | c-extrapolated value (estimation beyond known values) | c-extrapolated value (estimation beyond known values),"1-ESPON Database (Database Portal 2020) : https://database.espon.eu | 2-Database Eurostat : https://ec.europa.eu/eurostat | 3-value estimated based on either ESPON Database (Database Portal 2020) or Database Eurostat : https://database.espon.eu, https://ec.europa.eu/eurostat",31.7,29,28.9,27.4,26,21.9,22.1,21.1,21.3,17.5,19.4,18.7,20.9,14.5,15,19.7,22,16.6,20.3,16.9,13.5
297,Population - age group 25-64 - with educational attainment level 0-2 (%),25-64_T_0-2,NUTS,2,2016,UKM7,Eastern Scotland,"c-extrapolated value (estimation beyond known values) | c-extrapolated value (estimation beyond known values) | d-Values was recalculated from NUTS 2013 into NUTS 2016. A list of changes of NUTS regions is provided by Eurostat (https://ec.europa.eu/eurostat/en/web/nuts/history) and was the basis for the recalculation. One of the following methods was applied: in case of boundary changes between regions, the data was assigned to the equivalents as stated in the aforementioned list. In case of splits or mergings of regions and an indicator with absolute values, the data was weighted and distributed based on the population data of the respective (split or merged) regions. In case of mergings of regions into an indicator with relative values, the weighted average of the weighting indicator was used to determine the value for the merged region. In case of splits of regions an indicator with relative values, the same value as for the parent region was assigned to both new regions. | d-Values was recalculated from NUTS 2013 into NUTS 2016. A list of changes of NUTS regions is provided by Eurostat (https://ec.europa.eu/eurostat/en/web/nuts/history) and was the basis for the recalculation. One of the following methods was applied: in case of boundary changes between regions, the data was assigned to the equivalents as stated in the aforementioned list. In case of splits or mergings of regions and an indicator with absolute values, the data was weighted and distributed based on the population data of the respective (split or merged) regions. In case of mergings of regions into an indicator with relative values, the weighted average of the weighting indicator was used to determine the value for the merged region. In case of splits of regions an indicator with relative values, the same value as for the parent region was assigned to both new regions.","2-Database Eurostat : https://ec.europa.eu/eurostat | 2-Database Eurostat : https://ec.europa.eu/eurostat | 3-value estimated based on either ESPON Database (Database Portal 2020) or Database Eurostat : https://database.espon.eu, https://ec.europa.eu/eurostat | 3-value estimated based on either ESPON Database (Database Portal 2020) or Database Eurostat : https://database.espon.eu, https://ec.europa.eu/eurostat",30.1,28,28,25.9,24.3,21.8,20.9,21.5,20.7,21.3,20.7,19.1,18,17.4,16.8,16.7,16.6,16.5,17.1,17.2,17.3
297,Population - age group 25-64 - with educational attainment level 0-2 (%),25-64_T_0-2,NUTS,2,2016,UKM8,West Central Scotland,"c-extrapolated value (estimation beyond known values) | c-extrapolated value (estimation beyond known values) | d-Values was recalculated from NUTS 2013 into NUTS 2016. A list of changes of NUTS regions is provided by Eurostat (https://ec.europa.eu/eurostat/en/web/nuts/history) and was the basis for the recalculation. One of the following methods was applied: in case of boundary changes between regions, the data was assigned to the equivalents as stated in the aforementioned list. In case of splits or mergings of regions and an indicator with absolute values, the data was weighted and distributed based on the population data of the respective (split or merged) regions. In case of mergings of regions into an indicator with relative values, the weighted average of the weighting indicator was used to determine the value for the merged region. In case of splits of regions an indicator with relative values, the same value as for the parent region was assigned to both new regions. | d-Values was recalculated from NUTS 2013 into NUTS 2016. A list of changes of NUTS regions is provided by Eurostat (https://ec.europa.eu/eurostat/en/web/nuts/history) and was the basis for the recalculation. One of the following methods was applied: in case of boundary changes between regions, the data was assigned to the equivalents as stated in the aforementioned list. In case of splits or mergings of regions and an indicator with absolute values, the data was weighted and distributed based on the population data of the respective (split or merged) regions. In case of mergings of regions into an indicator with relative values, the weighted average of the weighting indicator was used to determine the value for the merged region. In case of splits of regions an indicator with relative values, the same value as for the parent region was assigned to both new regions.","2-Database Eurostat : https://ec.europa.eu/eurostat | 2-Database Eurostat : https://ec.europa.eu/eurostat | 3-value estimated based on either ESPON Database (Database Portal 2020) or Database Eurostat : https://database.espon.eu, https://ec.europa.eu/eurostat | 3-value estimated based on either ESPON Database (Database Portal 2020) or Database Eurostat : https://database.espon.eu, https://ec.europa.eu/eurostat",37.9,37.4,35.1,32.9,30.7,29.8,29.8,28.2,27.4,27.7,25.7,24.9,24,24.9,23.6,21.7,22.6,22.1,24.5,23.8,23.1
297,Population - age group 25-64 - with educational attainment level 0-2 (%),25-64_T_0-2,NUTS,2,2016,UKM9,Southern Scotland,"c-extrapolated value (estimation beyond known values) | c-extrapolated value (estimation beyond known values) | d-Values was recalculated from NUTS 2013 into NUTS 2016. A list of changes of NUTS regions is provided by Eurostat (https://ec.europa.eu/eurostat/en/web/nuts/history) and was the basis for the recalculation. One of the following methods was applied: in case of boundary changes between regions, the data was assigned to the equivalents as stated in the aforementioned list. In case of splits or mergings of regions and an indicator with absolute values, the data was weighted and distributed based on the population data of the respective (split or merged) regions. In case of mergings of regions into an indicator with relative values, the weighted average of the weighting indicator was used to determine the value for the merged region. In case of splits of regions an indicator with relative values, the same value as for the parent region was assigned to both new regions. | d-Values was recalculated from NUTS 2013 into NUTS 2016. A list of changes of NUTS regions is provided by Eurostat (https://ec.europa.eu/eurostat/en/web/nuts/history) and was the basis for the recalculation. One of the following methods was applied: in case of boundary changes between regions, the data was assigned to the equivalents as stated in the aforementioned list. In case of splits or mergings of regions and an indicator with absolute values, the data was weighted and distributed based on the population data of the respective (split or merged) regions. In case of mergings of regions into an indicator with relative values, the weighted average of the weighting indicator was used to determine the value for the merged region. In case of splits of regions an indicator with relative values, the same value as for the parent region was assigned to both new regions.","2-Database Eurostat : https://ec.europa.eu/eurostat | 2-Database Eurostat : https://ec.europa.eu/eurostat | 3-value estimated based on either ESPON Database (Database Portal 2020) or Database Eurostat : https://database.espon.eu, https://ec.europa.eu/eurostat | 3-value estimated based on either ESPON Database (Database Portal 2020) or Database Eurostat : https://database.espon.eu, https://ec.europa.eu/eurostat",36.9528,36.258503,34.23781,32.049949,29.92281,28.82851,28.71922,27.38638,26.58638,26.92281,25.09282,24.19567,23.27138,22.9,22,22.9,23.4,22.5,22.6,21.3,20
297,Population - age group 25-64 - with educational attainment level 0-2 (%),25-64_T_0-2,NUTS,2,2016,UKN0,Northern Ireland,c-extrapolated value (estimation beyond known values) | c-extrapolated value (estimation beyond known values) | c-extrapolated value (estimation beyond known values),"1-ESPON Database (Database Portal 2020) : https://database.espon.eu | 2-Database Eurostat : https://ec.europa.eu/eurostat | 3-value estimated based on either ESPON Database (Database Portal 2020) or Database Eurostat : https://database.espon.eu, https://ec.europa.eu/eurostat",43.2,41.6,38.3,35.6,36.5,35.8,34.3,33.8,34.1,34.1,31.7,32.7,29.5,29.8,27.9,27.3,26.2,27.4,24.7,23.8,22.9
